,Model,Accuracy,Precision,Recall,F1
0,Random Forest,0.9998500149985001,1.0,0.9483648881239243,0.9734982332155477
1,XGBoost,0.9970952904709529,0.0,0.0,0.0
