,Model,RMSE,R2
0,Linear Regression,29424.356008964987,0.4616547122373226
1,Random Forest,12737.764042920378,0.8991134241098476
2,XGBoost,13968.814845967927,0.8786705732345581
